d,log2(d),Macro-F1
16,4.0,0.000749737591842855
32,5.0,0.001998772517351529
64,6.0,0.0016365377361227985
128,7.0,0.002879757383993121
256,8.0,0.0024391241633120323
